order_id,order_date,customer_id,state,region,product,quantity,unit_price,discount,revenue
ORD00001,2025-01-21,CUST1103,Rajasthan,North,Keyboard,5,1900.69,0.05,9028.28
ORD00002,2025-04-10,CUST1104,Gujarat,West,Printer,7,11902.2,0.05,79149.63
ORD00003,2025-10-21,CUST1002,Uttar Pradesh,North,Printer,6,13127.78,0.1,70890.01
ORD00004,2025-01-22,CUST1108,Andhra Pradesh,South,Keyboard,5,1729.53,0.0,8647.65
ORD00005,2025-07-07,CUST1080,Maharashtra,West,Laptop,3,63698.19,0.05,181539.84
ORD00006,2025-09-01,CUST1064,Telangana,South,Software,6,7323.69,0.05,41745.03
ORD00007,2025-11-25,CUST1039,Maharashtra,West,Printer,5,12432.74,0.05,59055.51
ORD00008,2025-09-22,CUST1090,West Bengal,East,Keyboard,1,1822.78,0.08,1676.96
ORD00009,2025-09-21,CUST1047,Punjab,North,Monitor,4,17784.55,0.08,65447.14
ORD00010,2025-01-02,CUST1006,Odisha,East,Software,1,7023.35,0.08,6461.48
ORD00011,2025-08-06,CUST1044,Haryana,North,Monitor,4,19690.5,0.1,70885.8
ORD00012,2025-10-31,CUST1015,West Bengal,East,Monitor,6,18352.44,0.08,101305.47
ORD00013,2025-10-23,CUST1085,Uttar Pradesh,North,Software,7,6817.84,0.08,43906.89
ORD00014,2025-08-05,CUST1060,Andhra Pradesh,South,Mouse,2,915.62,0.1,1648.12
ORD00015,2025-03-06,CUST1089,Karnataka,South,Mouse,1,954.4,0.1,858.96
ORD00016,2025-03-04,CUST1011,Rajasthan,North,Laptop,1,62315.35,0.08,57330.12
ORD00017,2025-09-18,CUST1106,Odisha,East,Laptop,3,68526.51,0.05,195300.55
ORD00018,2025-11-24,CUST1012,Rajasthan,North,Monitor,1,19307.17,0.08,17762.6
ORD00019,2025-12-26,CUST1086,West Bengal,East,Laptop,7,67984.88,0.1,428304.74
ORD00020,2025-05-11,CUST1001,Goa,West,Printer,1,11087.03,0.05,10532.68
ORD00021,2025-01-15,CUST1090,Punjab,North,Monitor,7,18081.84,0.05,120244.24
ORD00022,2025-08-19,CUST1113,Gujarat,West,Keyboard,5,1631.31,0.05,7748.72
ORD00023,2025-08-25,CUST1015,Delhi,North,Mouse,4,854.87,0.1,3077.53
ORD00024,2025-07-06,CUST1115,Goa,West,Mouse,4,823.86,0.1,2965.9
ORD00025,2025-05-14,CUST1028,Haryana,North,Keyboard,2,1910.92,0.03,3707.18
ORD00026,2025-11-27,CUST1119,Karnataka,South,Keyboard,4,1941.32,0.08,7144.06
ORD00027,2025-10-10,CUST1062,Karnataka,South,Laptop,7,62037.72,0.0,434264.04
ORD00028,2025-07-17,CUST1072,Maharashtra,West,Keyboard,5,1729.72,0.0,8648.6
ORD00029,2025-08-22,CUST1044,Goa,West,Laptop,6,67501.67,0.1,364509.02
ORD00030,2025-11-14,CUST1113,Uttar Pradesh,North,Printer,6,11769.21,0.0,70615.26
ORD00031,2025-04-11,CUST1113,Gujarat,West,Keyboard,4,1876.42,0.03,7280.51
ORD00032,2025-08-08,CUST1054,Uttar Pradesh,North,Laptop,3,71195.99,0.0,213587.97
ORD00033,2025-05-10,CUST1053,Rajasthan,North,Mouse,1,853.12,0.0,853.12
ORD00034,2025-07-03,CUST1017,Karnataka,South,Monitor,6,16491.07,0.08,91030.71
ORD00035,2025-08-28,CUST1016,Telangana,South,Software,5,8225.13,0.08,37835.6
ORD00036,2025-12-15,CUST1003,Bihar,East,Laptop,4,60924.74,0.05,231514.01
ORD00037,2025-05-27,CUST1020,Delhi,North,Keyboard,3,1625.97,0.08,4487.68
ORD00038,2025-02-08,CUST1082,Andhra Pradesh,South,Keyboard,1,1763.13,0.0,1763.13
ORD00039,2025-05-31,CUST1031,Uttar Pradesh,North,Laptop,3,68057.81,0.08,187839.56
ORD00040,2025-04-22,CUST1116,Kerala,South,Monitor,3,16829.84,0.08,46450.36
ORD00041,2025-05-20,CUST1069,Karnataka,South,Laptop,2,59710.34,0.0,119420.68
ORD00042,2025-05-27,CUST1048,Punjab,North,Printer,7,11469.29,0.0,80285.03
ORD00043,2025-03-16,CUST1113,Andhra Pradesh,South,Printer,4,12340.88,0.0,49363.52
ORD00044,2025-04-22,CUST1089,Uttar Pradesh,North,Keyboard,6,1829.05,0.08,10096.36
ORD00045,2025-12-04,CUST1066,Odisha,East,Laptop,5,60590.5,0.03,293863.92
ORD00046,2025-03-09,CUST1033,Haryana,North,Printer,5,11222.22,0.0,56111.1
ORD00047,2025-02-02,CUST1048,Kerala,South,Mouse,4,928.37,0.05,3527.81
ORD00048,2025-09-21,CUST1027,Karnataka,South,Printer,3,11968.18,0.1,32314.09
ORD00049,2025-11-13,CUST1048,Goa,West,Monitor,5,18276.85,0.0,91384.25
ORD00050,2025-06-21,CUST1092,Odisha,East,Keyboard,3,1635.7,0.0,4907.1
ORD00051,2025-08-21,CUST1037,Kerala,South,Mouse,6,969.03,0.1,5232.76
ORD00052,2025-07-07,CUST1097,Uttar Pradesh,North,Mouse,1,913.01,0.1,821.71
ORD00053,2025-05-08,CUST1018,Delhi,North,Mouse,5,867.05,0.0,4335.25
ORD00054,2025-06-23,CUST1024,Maharashtra,West,Monitor,7,19548.06,0.03,132731.33
ORD00055,2025-09-30,CUST1104,West Bengal,East,Software,7,7131.25,0.03,48421.19
ORD00056,2025-01-26,CUST1099,Bihar,East,Laptop,3,62354.63,0.1,168357.5
ORD00057,2025-11-09,CUST1036,West Bengal,East,Laptop,5,65147.45,0.08,299678.27
ORD00058,2025-05-23,CUST1092,Tamil Nadu,South,Keyboard,1,1939.18,0.08,1784.05
ORD00059,2025-03-04,CUST1062,West Bengal,East,Monitor,7,17876.15,0.05,118876.4
ORD00060,2025-06-29,CUST1042,Tamil Nadu,South,Software,2,6795.75,0.03,13183.75
ORD00061,2025-09-21,CUST1053,Haryana,North,Software,3,7239.98,0.08,19982.34
ORD00062,2025-09-19,CUST1109,Karnataka,South,Keyboard,4,1784.62,0.1,6424.63
ORD00063,2025-11-04,CUST1016,Andhra Pradesh,South,Keyboard,6,1849.47,0.05,10541.98
ORD00064,2025-05-25,CUST1120,Tamil Nadu,South,Monitor,4,17362.64,0.03,67367.04
ORD00065,2025-08-17,CUST1090,Telangana,South,Printer,4,10988.3,0.03,42634.6
ORD00066,2025-05-09,CUST1058,Punjab,North,Software,7,7782.75,0.0,54479.25
ORD00067,2025-04-28,CUST1048,Gujarat,West,Laptop,7,61617.24,0.03,418381.06
ORD00068,2025-07-11,CUST1063,Maharashtra,West,Mouse,5,981.88,0.0,4909.4
ORD00069,2025-05-24,CUST1051,Punjab,North,Software,5,7121.6,0.05,33827.6
ORD00070,2025-03-10,CUST1047,Punjab,North,Software,1,6924.11,0.1,6231.7
ORD00071,2025-08-06,CUST1090,Bihar,East,Software,6,7013.0,0.08,38711.76
ORD00072,2025-08-10,CUST1101,Andhra Pradesh,South,Mouse,7,841.18,0.08,5417.2
ORD00073,2025-06-29,CUST1095,Rajasthan,North,Monitor,2,19392.05,0.1,34905.69
ORD00074,2025-11-21,CUST1109,Gujarat,West,Monitor,3,18003.74,0.03,52390.88
ORD00075,2025-12-06,CUST1024,Delhi,North,Monitor,1,18308.79,0.08,16844.09
ORD00076,2025-06-28,CUST1043,Karnataka,South,Monitor,3,16662.6,0.08,45988.78
ORD00077,2025-11-26,CUST1043,Punjab,North,Keyboard,3,1966.03,0.0,5898.09
ORD00078,2025-09-10,CUST1115,Karnataka,South,Mouse,5,828.14,0.08,3809.44
ORD00079,2025-04-03,CUST1026,West Bengal,East,Printer,7,12373.73,0.0,86616.11
ORD00080,2025-07-15,CUST1058,Gujarat,West,Monitor,6,17138.5,0.03,99746.07
ORD00081,2025-08-05,CUST1021,Punjab,North,Monitor,5,19358.9,0.05,91954.77
ORD00082,2025-07-11,CUST1099,Tamil Nadu,South,Laptop,4,64005.12,0.03,248339.87
ORD00083,2025-04-06,CUST1024,Bihar,East,Printer,4,11400.04,0.03,44232.16
ORD00084,2025-01-13,CUST1023,Rajasthan,North,Software,5,7393.49,0.08,34010.05
ORD00085,2025-03-25,CUST1112,Maharashtra,West,Printer,1,12082.39,0.0,12082.39
ORD00086,2025-04-10,CUST1012,Maharashtra,West,Software,5,6899.98,0.05,32774.9
ORD00087,2025-10-11,CUST1078,Tamil Nadu,South,Laptop,3,63113.77,0.08,174194.01
ORD00088,2025-03-10,CUST1099,Telangana,South,Keyboard,3,1847.46,0.03,5376.11
ORD00089,2025-02-22,CUST1023,Karnataka,South,Laptop,4,61265.46,0.05,232808.75
ORD00090,2025-07-05,CUST1039,Andhra Pradesh,South,Laptop,7,70602.08,0.1,444793.1
ORD00091,2025-08-23,CUST1075,Kerala,South,Monitor,5,19395.74,0.05,92129.77
ORD00092,2025-09-10,CUST1102,West Bengal,East,Keyboard,1,1921.31,0.03,1863.67
ORD00093,2025-10-10,CUST1066,Rajasthan,North,Software,5,7344.98,0.03,35623.15
ORD00094,2025-12-31,CUST1065,Punjab,North,Mouse,5,914.63,0.05,4344.49
ORD00095,2025-10-19,CUST1070,Haryana,North,Keyboard,1,1833.08,0.0,1833.08
ORD00096,2025-04-01,CUST1074,Karnataka,South,Printer,5,12140.17,0.08,55844.78
ORD00097,2025-08-30,CUST1092,Gujarat,West,Printer,7,11408.84,0.05,75868.79
ORD00098,2025-12-27,CUST1039,Kerala,South,Monitor,4,18961.9,0.08,69779.79
ORD00099,2025-07-10,CUST1113,Bihar,East,Printer,5,13109.21,0.08,60302.37
ORD00100,2025-02-13,CUST1045,Maharashtra,West,Laptop,6,71021.89,0.1,383518.21
ORD00101,2025-08-01,CUST1075,Andhra Pradesh,South,Mouse,5,817.81,0.1,3680.14
ORD00102,2025-02-16,CUST1105,Karnataka,South,Mouse,4,935.17,0.05,3553.65
ORD00103,2025-09-16,CUST1016,Bihar,East,Software,7,7691.34,0.0,53839.38
ORD00104,2025-09-29,CUST1072,Rajasthan,North,Laptop,3,70963.13,0.08,195858.24
ORD00105,2025-12-14,CUST1036,Haryana,North,Keyboard,4,1719.86,0.1,6191.5
ORD00106,2025-12-23,CUST1041,Gujarat,West,Monitor,4,17157.38,0.03,66570.63
ORD00107,2025-07-31,CUST1077,Delhi,North,Printer,6,11471.43,0.0,68828.58
ORD00108,2025-03-23,CUST1115,Karnataka,South,Mouse,5,958.06,0.05,4550.78
ORD00109,2025-11-08,CUST1030,Andhra Pradesh,South,Mouse,7,885.28,0.0,6196.96
ORD00110,2025-10-16,CUST1118,West Bengal,East,Printer,5,10863.28,0.1,48884.76
ORD00111,2025-10-09,CUST1063,Bihar,East,Monitor,7,17556.26,0.0,122893.82
ORD00112,2025-04-08,CUST1105,Maharashtra,West,Software,3,7603.62,0.05,21670.32
ORD00113,2025-12-17,CUST1005,Odisha,East,Laptop,5,69067.71,0.08,317711.47
ORD00114,2025-07-21,CUST1074,Haryana,North,Printer,5,12542.69,0.1,56442.11
ORD00115,2025-02-20,CUST1045,Odisha,East,Laptop,5,60179.07,0.0,300895.35
ORD00116,2025-10-15,CUST1034,Tamil Nadu,South,Keyboard,6,1861.81,0.0,11170.86
ORD00117,2025-09-16,CUST1050,Karnataka,South,Monitor,2,17914.36,0.03,34753.86
ORD00118,2025-08-10,CUST1057,Karnataka,South,Laptop,6,65792.19,0.08,363172.89
ORD00119,2025-04-13,CUST1038,Bihar,East,Mouse,5,954.91,0.03,4631.31
ORD00120,2025-10-13,CUST1079,Andhra Pradesh,South,Keyboard,2,1832.37,0.03,3554.8
ORD00121,2025-06-15,CUST1097,Goa,West,Printer,7,11635.81,0.03,79007.15
ORD00122,2025-05-13,CUST1029,Uttar Pradesh,North,Keyboard,6,1930.45,0.03,11235.22
ORD00123,2025-12-06,CUST1088,Delhi,North,Monitor,1,18968.1,0.03,18399.06
ORD00124,2025-05-06,CUST1107,Punjab,North,Monitor,6,17450.69,0.1,94233.73
ORD00125,2025-12-02,CUST1095,Goa,West,Printer,3,11904.29,0.0,35712.87
ORD00126,2025-07-14,CUST1096,Goa,West,Software,4,7268.5,0.08,26748.08
ORD00127,2025-02-20,CUST1019,Odisha,East,Printer,5,12244.64,0.03,59386.5
ORD00128,2025-01-22,CUST1021,Punjab,North,Mouse,2,872.57,0.08,1605.53
ORD00129,2025-02-15,CUST1034,Haryana,North,Laptop,5,63127.89,0.0,315639.45
ORD00130,2025-10-09,CUST1047,Bihar,East,Software,2,7232.37,0.1,13018.27
ORD00131,2025-03-02,CUST1081,Maharashtra,West,Software,7,8131.31,0.05,54073.21
ORD00132,2025-06-29,CUST1079,Gujarat,West,Keyboard,1,1835.02,0.0,1835.02
ORD00133,2025-03-19,CUST1088,Telangana,South,Software,6,7889.93,0.03,45919.39
ORD00134,2025-01-07,CUST1003,West Bengal,East,Mouse,2,855.44,0.05,1625.34
ORD00135,2025-10-21,CUST1099,Telangana,South,Software,3,6910.76,0.08,19073.7
ORD00136,2025-02-08,CUST1057,Odisha,East,Laptop,7,60869.69,0.1,383479.05
ORD00137,2025-01-13,CUST1084,Bihar,East,Software,2,7099.82,0.08,13063.67
ORD00138,2025-05-26,CUST1111,Maharashtra,West,Keyboard,2,1853.58,0.05,3521.8
ORD00139,2025-02-11,CUST1041,Delhi,North,Software,2,7596.69,0.0,15193.38
ORD00140,2025-11-11,CUST1109,Punjab,North,Software,4,7661.33,0.03,29725.96
ORD00141,2025-10-04,CUST1070,Haryana,North,Mouse,1,811.36,0.0,811.36
ORD00142,2025-12-16,CUST1095,Haryana,North,Keyboard,6,1651.64,0.05,9414.35
ORD00143,2025-02-09,CUST1101,Uttar Pradesh,North,Laptop,7,65318.65,0.05,434369.02
ORD00144,2025-01-04,CUST1079,Delhi,North,Software,2,8204.21,0.08,15095.75
ORD00145,2025-07-13,CUST1079,Haryana,North,Software,1,7981.29,0.05,7582.23
ORD00146,2025-11-22,CUST1026,Goa,West,Monitor,3,18970.17,0.1,51219.46
ORD00147,2025-04-23,CUST1012,Haryana,North,Keyboard,3,1802.74,0.08,4975.56
ORD00148,2025-12-22,CUST1077,Telangana,South,Laptop,2,65079.35,0.1,117142.83
ORD00149,2025-09-18,CUST1023,Goa,West,Printer,1,11890.24,0.03,11533.53
ORD00150,2025-03-25,CUST1065,Gujarat,West,Keyboard,2,1866.45,0.1,3359.61
ORD00151,2025-02-07,CUST1119,Telangana,South,Mouse,1,831.01,0.0,831.01
ORD00152,2025-08-24,CUST1050,Odisha,East,Software,7,8026.09,0.0,56182.63
ORD00153,2025-02-04,CUST1001,Kerala,South,Mouse,3,846.9,0.0,2540.7
ORD00154,2025-12-27,CUST1101,Uttar Pradesh,North,Software,4,6959.66,0.1,25054.78
ORD00155,2025-01-05,CUST1083,Kerala,South,Keyboard,6,1679.14,0.05,9571.1
ORD00156,2025-02-11,CUST1089,Goa,West,Software,2,7224.29,0.08,13292.69
ORD00157,2025-01-23,CUST1063,West Bengal,East,Software,3,7202.07,0.1,19445.59
ORD00158,2025-11-05,CUST1104,Telangana,South,Laptop,1,70194.47,0.0,70194.47
ORD00159,2025-03-08,CUST1007,Uttar Pradesh,North,Printer,7,11835.67,0.05,78707.21
ORD00160,2025-08-19,CUST1027,Odisha,East,Monitor,4,17983.53,0.1,64740.71
ORD00161,2025-10-16,CUST1068,Delhi,North,Mouse,6,866.11,0.0,5196.66
ORD00162,2025-12-19,CUST1118,Haryana,North,Monitor,2,19356.36,0.1,34841.45
ORD00163,2025-07-03,CUST1015,Haryana,North,Mouse,7,892.26,0.08,5746.15
ORD00164,2025-05-10,CUST1027,Tamil Nadu,South,Mouse,5,940.01,0.08,4324.05
ORD00165,2025-10-26,CUST1027,Telangana,South,Printer,3,12102.54,0.08,33403.01
ORD00166,2025-05-14,CUST1072,Punjab,North,Keyboard,3,1743.31,0.03,5073.03
ORD00167,2025-05-21,CUST1104,Rajasthan,North,Monitor,6,16752.07,0.05,95486.8
ORD00168,2025-11-12,CUST1043,Kerala,South,Monitor,1,16265.2,0.0,16265.2
ORD00169,2025-10-20,CUST1072,Karnataka,South,Keyboard,4,1904.43,0.08,7008.3
ORD00170,2025-02-20,CUST1029,Telangana,South,Monitor,1,17547.97,0.08,16144.13
ORD00171,2025-10-29,CUST1101,Kerala,South,Laptop,6,64360.91,0.05,366857.19
ORD00172,2025-11-09,CUST1001,Punjab,North,Monitor,6,16648.79,0.08,91901.32
ORD00173,2025-05-29,CUST1047,Telangana,South,Software,7,7636.91,0.05,50785.45
ORD00174,2025-04-27,CUST1026,Maharashtra,West,Mouse,1,954.51,0.03,925.87
ORD00175,2025-03-16,CUST1038,Maharashtra,West,Printer,7,12089.75,0.08,77857.99
ORD00176,2025-05-08,CUST1043,West Bengal,East,Monitor,3,19506.44,0.03,56763.74
ORD00177,2025-01-25,CUST1071,Goa,West,Keyboard,3,1709.36,0.05,4871.68
ORD00178,2025-03-04,CUST1107,Delhi,North,Software,5,7293.59,0.0,36467.95
ORD00179,2025-12-03,CUST1084,Haryana,North,Monitor,4,18588.73,0.03,72124.27
ORD00180,2025-12-26,CUST1049,Maharashtra,West,Laptop,4,65455.91,0.08,240877.75
ORD00181,2025-07-30,CUST1062,Rajasthan,North,Laptop,5,61228.77,0.05,290836.66
ORD00182,2025-10-13,CUST1016,Andhra Pradesh,South,Software,5,6804.82,0.0,34024.1
ORD00183,2025-06-24,CUST1114,Uttar Pradesh,North,Printer,2,12661.27,0.0,25322.54
ORD00184,2025-06-15,CUST1051,West Bengal,East,Software,4,7351.14,0.0,29404.56
ORD00185,2025-05-11,CUST1032,Telangana,South,Keyboard,1,1647.18,0.1,1482.46
ORD00186,2025-03-28,CUST1055,Gujarat,West,Monitor,3,17671.44,0.03,51423.89
ORD00187,2025-11-09,CUST1119,Karnataka,South,Monitor,7,17668.74,0.1,111313.06
ORD00188,2025-09-06,CUST1111,Odisha,East,Printer,7,12228.12,0.1,77037.16
ORD00189,2025-09-21,CUST1034,Punjab,North,Printer,3,12136.13,0.0,36408.39
ORD00190,2025-06-14,CUST1054,Odisha,East,Software,6,8193.97,0.05,46705.63
ORD00191,2025-09-20,CUST1033,Punjab,North,Software,7,6769.5,0.03,45964.9
ORD00192,2025-10-12,CUST1060,Rajasthan,North,Mouse,3,967.76,0.1,2612.95
ORD00193,2025-08-22,CUST1002,West Bengal,East,Monitor,1,17430.54,0.1,15687.49
ORD00194,2025-09-13,CUST1094,Odisha,East,Keyboard,4,1744.27,0.1,6279.37
ORD00195,2025-12-08,CUST1108,Maharashtra,West,Monitor,5,16990.24,0.08,78155.1
ORD00196,2025-05-08,CUST1096,Uttar Pradesh,North,Laptop,2,70129.18,0.05,133245.44
ORD00197,2025-02-09,CUST1066,Bihar,East,Monitor,3,17167.24,0.0,51501.72
ORD00198,2025-08-23,CUST1110,Tamil Nadu,South,Laptop,7,60311.63,0.0,422181.41
ORD00199,2025-08-03,CUST1037,Delhi,North,Monitor,2,16818.05,0.1,30272.49
ORD00200,2025-02-10,CUST1038,Goa,West,Software,2,7972.58,0.1,14350.64
ORD00201,2025-03-17,CUST1087,West Bengal,East,Laptop,5,64967.04,0.0,324835.2
ORD00202,2025-10-14,CUST1006,Punjab,North,Monitor,6,17149.26,0.1,92606.0
ORD00203,2025-06-22,CUST1017,Goa,West,Monitor,4,18594.13,0.1,66938.87
ORD00204,2025-05-10,CUST1054,Gujarat,West,Mouse,4,885.97,0.03,3437.56
ORD00205,2025-10-09,CUST1029,Goa,West,Laptop,3,66340.98,0.1,179120.65
ORD00206,2025-10-22,CUST1104,Punjab,North,Printer,3,12525.71,0.08,34570.96
ORD00207,2025-09-07,CUST1036,Odisha,East,Software,2,7475.63,0.1,13456.13
ORD00208,2025-12-03,CUST1062,Telangana,South,Keyboard,3,1922.95,0.05,5480.41
ORD00209,2025-03-14,CUST1073,Goa,West,Mouse,3,922.2,0.03,2683.6
ORD00210,2025-04-14,CUST1042,Uttar Pradesh,North,Laptop,1,67664.03,0.0,67664.03
ORD00211,2025-06-21,CUST1051,Maharashtra,West,Printer,3,12718.6,0.03,37011.13
ORD00212,2025-02-13,CUST1059,Kerala,South,Software,2,7291.46,0.08,13416.29
ORD00213,2025-11-07,CUST1113,Goa,West,Laptop,5,70853.09,0.0,354265.45
ORD00214,2025-05-29,CUST1081,Telangana,South,Keyboard,6,1883.6,0.05,10736.52
ORD00215,2025-09-25,CUST1015,Rajasthan,North,Mouse,6,972.61,0.0,5835.66
ORD00216,2025-10-15,CUST1010,Goa,West,Monitor,1,18611.7,0.1,16750.53
ORD00217,2025-09-07,CUST1007,Andhra Pradesh,South,Laptop,7,65883.29,0.03,447347.54
ORD00218,2025-11-24,CUST1114,Kerala,South,Mouse,7,844.67,0.0,5912.69
ORD00219,2025-04-13,CUST1017,Goa,West,Mouse,2,962.02,0.08,1770.12
ORD00220,2025-05-11,CUST1037,Kerala,South,Printer,4,11954.55,0.08,43992.74
ORD00221,2025-01-04,CUST1093,Goa,West,Monitor,7,18260.74,0.08,117599.17
ORD00222,2025-04-18,CUST1066,Haryana,North,Laptop,5,65262.19,0.03,316521.62
ORD00223,2025-09-04,CUST1013,Rajasthan,North,Printer,2,10851.05,0.03,21051.04
ORD00224,2025-01-29,CUST1062,Tamil Nadu,South,Monitor,3,19792.56,0.05,56408.8
ORD00225,2025-09-29,CUST1056,Bihar,East,Mouse,6,896.36,0.1,4840.34
ORD00226,2025-12-06,CUST1005,Karnataka,South,Laptop,2,62872.82,0.0,125745.64
ORD00227,2025-06-07,CUST1114,Bihar,East,Software,1,7450.97,0.05,7078.42
ORD00228,2025-07-12,CUST1053,Delhi,North,Monitor,6,16351.54,0.1,88298.32
ORD00229,2025-05-20,CUST1059,Kerala,South,Laptop,7,63591.19,0.0,445138.33
ORD00230,2025-07-17,CUST1039,Gujarat,West,Mouse,5,826.09,0.1,3717.4
ORD00231,2025-07-18,CUST1052,Uttar Pradesh,North,Software,3,8233.78,0.1,22231.21
ORD00232,2025-08-31,CUST1109,Delhi,North,Printer,4,12359.15,0.1,44492.94
ORD00233,2025-08-29,CUST1003,Kerala,South,Monitor,3,17582.73,0.03,51165.74
ORD00234,2025-08-03,CUST1049,Uttar Pradesh,North,Software,5,7694.67,0.1,34626.01
ORD00235,2025-06-27,CUST1082,Maharashtra,West,Printer,4,12060.08,0.03,46793.11
ORD00236,2025-04-30,CUST1111,Kerala,South,Laptop,3,61417.73,0.05,175040.53
ORD00237,2025-04-15,CUST1056,Maharashtra,West,Laptop,4,59689.33,0.1,214881.59
ORD00238,2025-08-14,CUST1076,Odisha,East,Printer,4,12933.0,0.1,46558.8
ORD00239,2025-08-14,CUST1088,Gujarat,West,Laptop,7,65661.15,0.0,459628.05
ORD00240,2025-02-06,CUST1060,Karnataka,South,Software,3,6823.18,0.1,18422.59
ORD00241,2025-04-24,CUST1040,Andhra Pradesh,South,Mouse,4,988.47,0.1,3558.49
ORD00242,2025-02-25,CUST1040,Tamil Nadu,South,Software,5,7987.02,0.05,37938.35
ORD00243,2025-08-04,CUST1019,West Bengal,East,Printer,5,12561.38,0.1,56526.21
ORD00244,2025-06-18,CUST1013,Andhra Pradesh,South,Keyboard,1,1932.23,0.05,1835.62
ORD00245,2025-07-10,CUST1027,Goa,West,Mouse,1,932.43,0.1,839.19
ORD00246,2025-11-10,CUST1115,Haryana,North,Keyboard,7,1937.11,0.1,12203.79
ORD00247,2025-02-08,CUST1031,Telangana,South,Monitor,2,17023.05,0.05,32343.79
ORD00248,2025-10-22,CUST1066,West Bengal,East,Keyboard,2,1802.69,0.1,3244.84
ORD00249,2025-01-17,CUST1104,Andhra Pradesh,South,Mouse,6,986.61,0.05,5623.68
ORD00250,2025-11-22,CUST1083,Telangana,South,Monitor,4,19007.44,0.1,68426.78
ORD00251,2025-03-01,CUST1079,Kerala,South,Monitor,1,17430.74,0.03,16907.82
ORD00252,2025-08-30,CUST1068,Kerala,South,Mouse,5,841.28,0.08,3869.89
ORD00253,2025-07-12,CUST1022,Goa,West,Laptop,4,66068.22,0.0,264272.88
ORD00254,2025-06-24,CUST1029,Gujarat,West,Printer,2,13176.36,0.03,25562.14
ORD00255,2025-01-07,CUST1029,Karnataka,South,Keyboard,3,1833.98,0.05,5226.84
ORD00256,2025-01-26,CUST1098,Goa,West,Laptop,6,61782.61,0.05,352160.88
ORD00257,2025-02-08,CUST1015,Kerala,South,Monitor,5,17734.25,0.08,81577.55
ORD00258,2025-05-10,CUST1047,Rajasthan,North,Mouse,5,849.74,0.05,4036.26
ORD00259,2025-12-03,CUST1108,Kerala,South,Keyboard,6,1718.37,0.05,9794.71
ORD00260,2025-12-23,CUST1059,Uttar Pradesh,North,Keyboard,5,1947.43,0.1,8763.43
ORD00261,2025-09-14,CUST1058,Delhi,North,Software,3,7413.45,0.0,22240.35
ORD00262,2025-11-16,CUST1113,Karnataka,South,Software,7,7069.66,0.03,48002.99
ORD00263,2025-03-13,CUST1060,Maharashtra,West,Keyboard,2,1790.36,0.08,3294.26
ORD00264,2025-03-20,CUST1027,Kerala,South,Laptop,1,68595.76,0.1,61736.18
ORD00265,2025-06-30,CUST1024,Kerala,South,Monitor,4,19068.47,0.05,72460.19
ORD00266,2025-06-02,CUST1094,Karnataka,South,Monitor,3,19067.53,0.08,52626.38
ORD00267,2025-01-09,CUST1038,Kerala,South,Laptop,6,61718.02,0.08,340683.47
ORD00268,2025-12-10,CUST1072,Andhra Pradesh,South,Laptop,4,61996.91,0.1,223188.88
ORD00269,2025-11-16,CUST1082,Goa,West,Mouse,1,823.04,0.1,740.74
ORD00270,2025-04-12,CUST1041,Kerala,South,Software,3,7885.59,0.1,21291.09
ORD00271,2025-03-17,CUST1046,Uttar Pradesh,North,Printer,6,11051.83,0.05,62995.43
ORD00272,2025-07-21,CUST1040,Andhra Pradesh,South,Software,6,7803.7,0.08,43076.42
ORD00273,2025-10-16,CUST1105,Andhra Pradesh,South,Monitor,4,18063.76,0.0,72255.04
ORD00274,2025-04-13,CUST1066,Tamil Nadu,South,Software,1,6867.87,0.1,6181.08
ORD00275,2025-04-16,CUST1119,Haryana,North,Monitor,6,19082.11,0.03,111057.88
ORD00276,2025-01-09,CUST1006,Karnataka,South,Laptop,3,67684.18,0.1,182747.29
ORD00277,2025-06-27,CUST1092,Maharashtra,West,Laptop,2,69822.6,0.08,128473.58
ORD00278,2025-03-25,CUST1080,Kerala,South,Keyboard,6,1794.38,0.05,10227.97
ORD00279,2025-05-07,CUST1041,Delhi,North,Software,2,7471.36,0.03,14494.44
ORD00280,2025-01-12,CUST1087,Karnataka,South,Monitor,6,18809.38,0.05,107213.47
ORD00281,2025-05-27,CUST1055,Karnataka,South,Mouse,1,920.83,0.1,828.75
ORD00282,2025-07-02,CUST1032,Kerala,South,Keyboard,5,1904.29,0.1,8569.31
ORD00283,2025-02-06,CUST1096,Odisha,East,Keyboard,2,1855.17,0.03,3599.03
ORD00284,2025-08-31,CUST1035,Uttar Pradesh,North,Laptop,3,59559.84,0.05,169745.54
ORD00285,2025-11-01,CUST1094,Tamil Nadu,South,Mouse,6,961.28,0.0,5767.68
ORD00286,2025-08-08,CUST1108,Punjab,North,Monitor,5,18463.55,0.08,84932.33
ORD00287,2025-04-06,CUST1105,Kerala,South,Keyboard,4,1932.13,0.03,7496.66
ORD00288,2025-03-07,CUST1079,Delhi,North,Monitor,5,17952.01,0.03,87067.25
ORD00289,2025-07-05,CUST1118,West Bengal,East,Keyboard,6,1977.17,0.03,11507.13
ORD00290,2025-01-21,CUST1015,Tamil Nadu,South,Keyboard,3,1787.69,0.1,4826.76
ORD00291,2025-03-28,CUST1042,Bihar,East,Printer,2,12981.68,0.08,23886.29
ORD00292,2025-11-21,CUST1038,Karnataka,South,Software,6,7021.47,0.03,40864.96
ORD00293,2025-01-14,CUST1120,Tamil Nadu,South,Laptop,6,63765.27,0.08,351984.29
ORD00294,2025-05-25,CUST1089,Rajasthan,North,Laptop,4,59738.4,0.03,231784.99
ORD00295,2025-06-13,CUST1045,Maharashtra,West,Keyboard,2,1856.43,0.05,3527.22
ORD00296,2025-03-21,CUST1074,Rajasthan,North,Printer,2,11860.86,0.05,22535.63
ORD00297,2025-10-03,CUST1008,Tamil Nadu,South,Monitor,4,17751.2,0.0,71004.8
ORD00298,2025-10-11,CUST1107,Goa,West,Keyboard,1,1680.14,0.0,1680.14
ORD00299,2025-04-30,CUST1044,Punjab,North,Mouse,4,950.72,0.1,3422.59
ORD00300,2025-11-30,CUST1002,Uttar Pradesh,North,Keyboard,7,1814.37,0.08,11684.54
ORD00301,2025-04-29,CUST1035,Maharashtra,West,Mouse,4,817.08,0.03,3170.27
ORD00302,2025-06-28,CUST1078,Haryana,North,Mouse,5,866.91,0.05,4117.82
ORD00303,2025-09-08,CUST1043,Karnataka,South,Monitor,4,17927.63,0.1,64539.47
ORD00304,2025-02-08,CUST1095,Kerala,South,Monitor,1,19703.15,0.03,19112.06
ORD00305,2025-05-31,CUST1045,Uttar Pradesh,North,Printer,2,12077.39,0.08,22222.4
ORD00306,2025-12-07,CUST1001,Delhi,North,Monitor,2,18624.36,0.08,34268.82
ORD00307,2025-06-24,CUST1034,Rajasthan,North,Mouse,6,983.4,0.1,5310.36
ORD00308,2025-05-25,CUST1026,Bihar,East,Monitor,3,16263.06,0.03,47325.5
ORD00309,2025-10-29,CUST1068,Uttar Pradesh,North,Laptop,4,70602.33,0.05,268288.85
ORD00310,2025-12-27,CUST1090,Bihar,East,Laptop,3,67170.63,0.1,181360.7
ORD00311,2025-03-04,CUST1073,Kerala,South,Keyboard,2,1837.78,0.03,3565.29
ORD00312,2025-03-18,CUST1031,Bihar,East,Laptop,1,68671.01,0.1,61803.91
ORD00313,2025-05-12,CUST1102,Maharashtra,West,Printer,4,11769.94,0.03,45667.37
ORD00314,2025-10-06,CUST1083,Odisha,East,Software,2,8066.84,0.03,15649.67
ORD00315,2025-03-06,CUST1076,Tamil Nadu,South,Printer,1,11588.11,0.0,11588.11
ORD00316,2025-11-01,CUST1096,Gujarat,West,Mouse,3,908.73,0.08,2508.09
ORD00317,2025-04-20,CUST1078,Bihar,East,Printer,4,12208.95,0.03,47370.73
ORD00318,2025-10-09,CUST1072,Gujarat,West,Monitor,6,17567.23,0.0,105403.38
ORD00319,2025-06-03,CUST1025,Andhra Pradesh,South,Monitor,6,16292.31,0.08,89933.55
ORD00320,2025-08-16,CUST1015,Karnataka,South,Mouse,2,854.29,0.1,1537.72
ORD00321,2025-01-21,CUST1023,Goa,West,Software,6,7823.24,0.03,45531.26
ORD00322,2025-02-20,CUST1015,Goa,West,Mouse,4,927.84,0.0,3711.36
ORD00323,2025-02-21,CUST1110,Delhi,North,Mouse,5,828.26,0.05,3934.24
ORD00324,2025-05-24,CUST1106,Goa,West,Mouse,7,907.05,0.08,5841.4
ORD00325,2025-05-12,CUST1090,Delhi,North,Software,2,7158.94,0.03,13888.34
ORD00326,2025-06-08,CUST1071,Maharashtra,West,Software,3,7022.16,0.08,19381.16
ORD00327,2025-02-05,CUST1084,Telangana,South,Laptop,2,61835.32,0.1,111303.58
ORD00328,2025-06-22,CUST1106,Delhi,North,Software,7,7310.26,0.0,51171.82
ORD00329,2025-01-26,CUST1009,Telangana,South,Printer,5,12922.1,0.1,58149.45
ORD00330,2025-03-13,CUST1024,Telangana,South,Monitor,2,19223.5,0.0,38447.0
ORD00331,2025-02-19,CUST1024,Andhra Pradesh,South,Laptop,2,68646.83,0.05,130428.98
ORD00332,2025-06-13,CUST1074,Odisha,East,Keyboard,4,1911.43,0.03,7416.35
ORD00333,2025-08-14,CUST1033,Bihar,East,Monitor,5,18852.75,0.0,94263.75
ORD00334,2025-06-09,CUST1011,Rajasthan,North,Mouse,1,925.55,0.1,833.0
ORD00335,2025-09-11,CUST1025,Gujarat,West,Laptop,6,66228.19,0.1,357632.23
ORD00336,2025-02-11,CUST1118,West Bengal,East,Printer,7,12422.02,0.1,78258.73
ORD00337,2025-07-07,CUST1046,Tamil Nadu,South,Laptop,1,71386.33,0.05,67817.01
ORD00338,2025-04-19,CUST1110,Odisha,East,Keyboard,2,1945.99,0.03,3775.22
ORD00339,2025-05-16,CUST1097,Delhi,North,Mouse,1,844.54,0.08,776.98
ORD00340,2025-11-12,CUST1002,Goa,West,Software,1,7413.61,0.08,6820.52
ORD00341,2025-09-21,CUST1102,Karnataka,South,Mouse,4,925.23,0.05,3515.87
ORD00342,2025-09-16,CUST1086,Uttar Pradesh,North,Monitor,3,17367.6,0.08,47934.58
ORD00343,2025-07-28,CUST1035,Haryana,North,Monitor,7,18582.62,0.08,119672.07
ORD00344,2025-11-29,CUST1093,West Bengal,East,Software,4,6883.15,0.08,25329.99
ORD00345,2025-05-01,CUST1055,Telangana,South,Laptop,7,59756.79,0.03,405748.6
ORD00346,2025-01-03,CUST1016,Andhra Pradesh,South,Keyboard,1,1973.25,0.08,1815.39
ORD00347,2025-04-28,CUST1005,Kerala,South,Mouse,7,985.35,0.08,6345.65
ORD00348,2025-03-25,CUST1070,Delhi,North,Keyboard,1,1861.76,0.0,1861.76
ORD00349,2025-02-07,CUST1116,Haryana,North,Monitor,7,18390.55,0.0,128733.85
ORD00350,2025-04-24,CUST1109,West Bengal,East,Mouse,6,864.56,0.08,4772.37
ORD00351,2025-11-27,CUST1067,West Bengal,East,Laptop,5,70680.45,0.03,342800.18
ORD00352,2025-11-07,CUST1006,Delhi,North,Software,7,7650.89,0.03,51949.54
ORD00353,2025-01-12,CUST1111,Odisha,East,Software,3,8027.14,0.08,22154.91
ORD00354,2025-06-07,CUST1088,Bihar,East,Monitor,6,18460.62,0.03,107440.81
ORD00355,2025-01-14,CUST1073,Gujarat,West,Software,6,7935.05,0.05,45229.79
ORD00356,2025-07-25,CUST1020,Telangana,South,Mouse,3,837.68,0.03,2437.65
ORD00357,2025-11-06,CUST1033,West Bengal,East,Monitor,1,16677.09,0.03,16176.78
ORD00358,2025-01-25,CUST1013,Delhi,North,Software,1,7226.3,0.1,6503.67
ORD00359,2025-03-20,CUST1068,Punjab,North,Monitor,5,18021.99,0.03,87406.65
ORD00360,2025-11-30,CUST1020,Tamil Nadu,South,Keyboard,4,1732.25,0.08,6374.68
ORD00361,2025-05-10,CUST1060,West Bengal,East,Mouse,4,813.18,0.1,2927.45
ORD00362,2025-09-23,CUST1089,Rajasthan,North,Printer,7,12154.66,0.05,80828.49
ORD00363,2025-02-25,CUST1079,West Bengal,East,Software,3,6836.67,0.03,19894.71
ORD00364,2025-06-05,CUST1062,Maharashtra,West,Printer,1,10979.11,0.05,10430.15
ORD00365,2025-09-17,CUST1103,Kerala,South,Printer,7,12283.32,0.08,79104.58
ORD00366,2025-11-04,CUST1036,Uttar Pradesh,North,Laptop,5,62481.3,0.08,287413.98
ORD00367,2025-04-26,CUST1063,Karnataka,South,Software,7,6946.07,0.03,47163.82
ORD00368,2025-01-14,CUST1071,Kerala,South,Mouse,3,884.54,0.05,2520.94
ORD00369,2025-03-03,CUST1091,Punjab,North,Mouse,6,811.99,0.1,4384.75
ORD00370,2025-11-10,CUST1120,Punjab,North,Software,6,7890.43,0.1,42608.32
ORD00371,2025-08-30,CUST1109,Rajasthan,North,Mouse,1,812.18,0.1,730.96
ORD00372,2025-06-13,CUST1081,Punjab,North,Mouse,2,982.72,0.1,1768.9
ORD00373,2025-11-04,CUST1055,Odisha,East,Laptop,4,64406.91,0.05,244746.26
ORD00374,2025-04-22,CUST1082,Punjab,North,Monitor,6,19312.78,0.08,106606.55
ORD00375,2025-02-11,CUST1021,Uttar Pradesh,North,Printer,1,11746.74,0.1,10572.07
ORD00376,2025-04-30,CUST1009,Gujarat,West,Mouse,1,828.39,0.0,828.39
ORD00377,2025-04-07,CUST1010,Maharashtra,West,Laptop,2,59493.42,0.08,109467.89
ORD00378,2025-09-04,CUST1034,West Bengal,East,Monitor,4,19170.48,0.1,69013.73
ORD00379,2025-12-09,CUST1088,Uttar Pradesh,North,Printer,6,12273.44,0.0,73640.64
ORD00380,2025-04-11,CUST1008,Tamil Nadu,South,Printer,5,12029.33,0.08,55334.92
ORD00381,2025-06-01,CUST1017,Tamil Nadu,South,Laptop,7,67067.46,0.05,445998.61
ORD00382,2025-08-16,CUST1011,Punjab,North,Keyboard,5,1786.3,0.03,8663.56
ORD00383,2025-09-18,CUST1005,Delhi,North,Printer,7,11244.47,0.05,74775.73
ORD00384,2025-05-16,CUST1104,Kerala,South,Software,2,8098.35,0.08,14900.96
ORD00385,2025-10-19,CUST1068,Maharashtra,West,Laptop,2,58635.56,0.03,113752.99
ORD00386,2025-07-09,CUST1114,Kerala,South,Laptop,1,65393.93,0.0,65393.93
ORD00387,2025-09-15,CUST1118,Gujarat,West,Mouse,4,895.38,0.08,3295.0
ORD00388,2025-01-10,CUST1015,Tamil Nadu,South,Mouse,7,838.19,0.08,5397.94
ORD00389,2025-11-11,CUST1078,Bihar,East,Monitor,7,17539.8,0.0,122778.6
ORD00390,2025-08-01,CUST1044,Karnataka,South,Monitor,1,19595.07,0.03,19007.22
ORD00391,2025-05-02,CUST1032,Andhra Pradesh,South,Printer,6,12349.95,0.0,74099.7
ORD00392,2025-05-29,CUST1013,Kerala,South,Laptop,4,65572.22,0.0,262288.88
ORD00393,2025-09-13,CUST1086,Kerala,South,Mouse,6,819.69,0.08,4524.69
ORD00394,2025-09-15,CUST1029,Haryana,North,Printer,1,10903.62,0.08,10031.33
ORD00395,2025-03-29,CUST1044,Punjab,North,Keyboard,3,1696.86,0.03,4937.86
ORD00396,2025-07-03,CUST1003,Tamil Nadu,South,Software,3,7635.52,0.1,20615.9
ORD00397,2025-04-18,CUST1111,Telangana,South,Software,3,6890.64,0.1,18604.73
ORD00398,2025-03-13,CUST1001,Maharashtra,West,Mouse,7,910.45,0.03,6181.96
ORD00399,2025-08-12,CUST1064,Karnataka,South,Mouse,3,860.02,0.0,2580.06
ORD00400,2025-10-29,CUST1103,Gujarat,West,Monitor,3,18198.31,0.0,54594.93
ORD00401,2025-03-27,CUST1106,Goa,West,Printer,2,11700.62,0.0,23401.24
ORD00402,2025-01-14,CUST1034,Gujarat,West,Monitor,6,18884.64,0.08,104243.21
ORD00403,2025-08-11,CUST1119,Punjab,North,Laptop,4,68331.44,0.05,259659.47
ORD00404,2025-05-12,CUST1020,Haryana,North,Printer,5,11683.94,0.03,56667.11
ORD00405,2025-11-06,CUST1104,Gujarat,West,Software,3,7337.29,0.03,21351.51
ORD00406,2025-01-20,CUST1017,Rajasthan,North,Mouse,2,842.64,0.08,1550.46
ORD00407,2025-12-02,CUST1058,Rajasthan,North,Keyboard,5,1643.35,0.05,7805.91
ORD00408,2025-06-08,CUST1060,Rajasthan,North,Keyboard,4,1835.77,0.03,7122.79
ORD00409,2025-04-19,CUST1076,Karnataka,South,Printer,1,10940.52,0.05,10393.49
ORD00410,2025-07-11,CUST1019,Kerala,South,Monitor,6,19039.01,0.1,102810.65
ORD00411,2025-05-26,CUST1063,Andhra Pradesh,South,Mouse,4,888.12,0.0,3552.48
ORD00412,2025-11-09,CUST1118,Delhi,North,Laptop,3,68063.62,0.08,187855.59
ORD00413,2025-02-16,CUST1091,Tamil Nadu,South,Laptop,1,64950.16,0.08,59754.15
ORD00414,2025-05-17,CUST1090,Telangana,South,Software,7,7325.75,0.08,47177.83
ORD00415,2025-02-19,CUST1003,Andhra Pradesh,South,Mouse,1,875.2,0.08,805.18
ORD00416,2025-12-31,CUST1051,Tamil Nadu,South,Printer,1,12474.41,0.1,11226.97
ORD00417,2025-03-10,CUST1093,Punjab,North,Printer,2,11831.18,0.05,22479.24
ORD00418,2025-07-11,CUST1005,Andhra Pradesh,South,Mouse,4,888.33,0.0,3553.32
ORD00419,2025-10-22,CUST1114,Delhi,North,Software,2,6824.76,0.08,12557.56
ORD00420,2025-07-01,CUST1046,Odisha,East,Laptop,1,68451.67,0.08,62975.54
ORD00421,2025-06-01,CUST1089,Karnataka,South,Keyboard,4,1890.5,0.0,7562.0
ORD00422,2025-12-08,CUST1092,Delhi,North,Mouse,6,818.03,0.08,4515.53
ORD00423,2025-12-02,CUST1016,Rajasthan,North,Printer,7,12689.1,0.08,81717.8
ORD00424,2025-11-25,CUST1045,Haryana,North,Monitor,1,17165.3,0.1,15448.77
ORD00425,2025-01-21,CUST1068,Delhi,North,Printer,4,12975.45,0.03,50344.75
ORD00426,2025-07-22,CUST1020,West Bengal,East,Laptop,3,68021.83,0.03,197943.53
ORD00427,2025-05-22,CUST1057,Uttar Pradesh,North,Mouse,2,885.38,0.03,1717.64
ORD00428,2025-03-28,CUST1090,Punjab,North,Monitor,5,16721.87,0.03,81101.07
ORD00429,2025-06-10,CUST1050,Punjab,North,Laptop,3,71136.07,0.05,202737.8
ORD00430,2025-03-27,CUST1119,Punjab,North,Keyboard,7,1651.98,0.03,11216.94
ORD00431,2025-02-12,CUST1041,Bihar,East,Laptop,5,69681.82,0.1,313568.19
ORD00432,2025-07-17,CUST1098,Rajasthan,North,Software,1,7669.35,0.0,7669.35
ORD00433,2025-04-22,CUST1057,Bihar,East,Monitor,5,19604.51,0.1,88220.29
ORD00434,2025-03-27,CUST1076,West Bengal,East,Monitor,2,18543.5,0.05,35232.65
ORD00435,2025-07-11,CUST1115,Uttar Pradesh,North,Software,4,7438.86,0.05,28267.67
ORD00436,2025-03-09,CUST1110,Telangana,South,Laptop,7,60641.18,0.1,382039.43
ORD00437,2025-04-26,CUST1092,Delhi,North,Software,7,7739.44,0.1,48758.47
ORD00438,2025-10-11,CUST1026,Kerala,South,Printer,5,12144.44,0.0,60722.2
ORD00439,2025-04-07,CUST1042,Bihar,East,Monitor,1,19473.19,0.05,18499.53
ORD00440,2025-06-27,CUST1043,Delhi,North,Printer,6,11884.07,0.08,65600.07
ORD00441,2025-03-15,CUST1008,Odisha,East,Mouse,3,846.68,0.05,2413.04
ORD00442,2025-03-26,CUST1072,Uttar Pradesh,North,Keyboard,4,1827.93,0.0,7311.72
ORD00443,2025-09-25,CUST1002,Rajasthan,North,Laptop,7,60553.41,0.03,411157.65
ORD00444,2025-12-29,CUST1040,Rajasthan,North,Printer,5,12953.25,0.05,61527.94
ORD00445,2025-01-08,CUST1101,Haryana,North,Laptop,4,58933.99,0.0,235735.96
ORD00446,2025-09-03,CUST1019,Andhra Pradesh,South,Keyboard,3,1778.52,0.1,4802.0
ORD00447,2025-01-16,CUST1001,Andhra Pradesh,South,Laptop,4,65067.69,0.05,247257.22
ORD00448,2025-09-26,CUST1034,Telangana,South,Mouse,7,930.23,0.1,5860.45
ORD00449,2025-09-04,CUST1027,Delhi,North,Keyboard,6,1773.9,0.03,10324.1
ORD00450,2025-06-03,CUST1005,Punjab,North,Laptop,3,58881.73,0.0,176645.19
ORD00451,2025-05-14,CUST1083,Odisha,East,Mouse,4,863.37,0.1,3108.13
ORD00452,2025-12-30,CUST1108,Karnataka,South,Keyboard,1,1944.47,0.05,1847.25
ORD00453,2025-10-13,CUST1090,Maharashtra,West,Mouse,2,968.37,0.05,1839.9
ORD00454,2025-06-12,CUST1052,Andhra Pradesh,South,Mouse,4,828.11,0.03,3213.07
ORD00455,2025-10-06,CUST1048,West Bengal,East,Laptop,3,68234.74,0.03,198563.09
ORD00456,2025-12-16,CUST1015,Andhra Pradesh,South,Software,1,7959.29,0.1,7163.36
ORD00457,2025-03-07,CUST1099,Goa,West,Printer,1,12574.31,0.08,11568.37
ORD00458,2025-01-01,CUST1072,Uttar Pradesh,North,Keyboard,7,1855.9,0.0,12991.3
ORD00459,2025-10-21,CUST1015,Rajasthan,North,Printer,4,12030.37,0.03,46677.84
ORD00460,2025-10-29,CUST1116,Telangana,South,Mouse,3,864.71,0.0,2594.13
ORD00461,2025-12-21,CUST1077,Kerala,South,Keyboard,4,1895.78,0.0,7583.12
ORD00462,2025-08-07,CUST1023,Telangana,South,Monitor,3,19347.22,0.0,58041.66
ORD00463,2025-07-09,CUST1035,Goa,West,Printer,2,11715.87,0.08,21557.2
ORD00464,2025-10-08,CUST1040,Odisha,East,Software,7,7383.82,0.05,49102.4
ORD00465,2025-10-02,CUST1073,Uttar Pradesh,North,Software,2,7188.33,0.0,14376.66
ORD00466,2025-05-01,CUST1019,Karnataka,South,Keyboard,5,1729.71,0.0,8648.55
ORD00467,2025-10-13,CUST1009,Telangana,South,Keyboard,6,1814.65,0.1,9799.11
ORD00468,2025-11-05,CUST1099,Andhra Pradesh,South,Laptop,4,69218.95,0.0,276875.8
ORD00469,2025-03-09,CUST1092,Maharashtra,West,Printer,6,10915.54,0.0,65493.24
ORD00470,2025-04-30,CUST1055,Uttar Pradesh,North,Monitor,1,18335.6,0.1,16502.04
ORD00471,2025-09-25,CUST1035,Andhra Pradesh,South,Mouse,6,861.35,0.0,5168.1
ORD00472,2025-11-21,CUST1048,Goa,West,Software,2,7532.17,0.1,13557.91
ORD00473,2025-07-20,CUST1061,Delhi,North,Mouse,3,830.69,0.08,2292.7
ORD00474,2025-03-06,CUST1008,Maharashtra,West,Keyboard,3,1643.29,0.0,4929.87
ORD00475,2025-01-15,CUST1105,Tamil Nadu,South,Keyboard,6,1787.2,0.08,9865.34
ORD00476,2025-01-21,CUST1051,Odisha,East,Monitor,4,16814.09,0.1,60530.72
ORD00477,2025-11-07,CUST1071,Haryana,North,Keyboard,1,1850.26,0.1,1665.23
ORD00478,2025-12-08,CUST1108,Karnataka,South,Keyboard,4,1795.56,0.08,6607.66
ORD00479,2025-03-28,CUST1038,West Bengal,East,Monitor,3,18022.56,0.0,54067.68
ORD00480,2025-09-25,CUST1006,Haryana,North,Software,1,7292.78,0.03,7074.0
ORD00481,2025-04-03,CUST1109,Gujarat,West,Printer,3,11927.14,0.08,32918.91
ORD00482,2025-12-06,CUST1056,Bihar,East,Printer,6,11873.92,0.05,67681.34
ORD00483,2025-07-09,CUST1008,Bihar,East,Mouse,5,811.38,0.0,4056.9
ORD00484,2025-12-07,CUST1117,Goa,West,Keyboard,4,1741.99,0.0,6967.96
ORD00485,2025-08-21,CUST1009,Bihar,East,Software,2,6816.58,0.05,12951.5
ORD00486,2025-10-04,CUST1051,Uttar Pradesh,North,Mouse,1,957.28,0.0,957.28
ORD00487,2025-05-27,CUST1011,Goa,West,Laptop,7,67280.46,0.1,423866.9
ORD00488,2025-01-19,CUST1076,Tamil Nadu,South,Software,5,7334.81,0.0,36674.05
ORD00489,2025-08-28,CUST1033,Uttar Pradesh,North,Mouse,5,919.42,0.1,4137.39
ORD00490,2025-01-08,CUST1025,Tamil Nadu,South,Monitor,7,19156.31,0.08,123366.64
ORD00491,2025-06-26,CUST1047,Goa,West,Software,7,7994.38,0.1,50364.59
ORD00492,2025-06-10,CUST1036,Delhi,North,Monitor,2,18595.05,0.03,36074.4
ORD00493,2025-04-23,CUST1097,West Bengal,East,Mouse,3,908.93,0.08,2508.65
ORD00494,2025-10-12,CUST1105,Karnataka,South,Monitor,3,19590.21,0.0,58770.63
ORD00495,2025-07-29,CUST1051,Gujarat,West,Monitor,3,18355.29,0.05,52312.58
ORD00496,2025-06-04,CUST1117,Haryana,North,Laptop,1,60734.03,0.08,55875.31
ORD00497,2025-10-23,CUST1002,West Bengal,East,Mouse,6,906.11,0.05,5164.83
ORD00498,2025-11-17,CUST1055,Bihar,East,Laptop,6,62335.53,0.08,344092.13
ORD00499,2025-05-07,CUST1095,Tamil Nadu,South,Monitor,5,19108.88,0.1,85989.96
ORD00500,2025-04-17,CUST1018,Maharashtra,West,Laptop,6,63536.1,0.08,350719.27
